model,prompt,temperature,response_time,answer_length,answer
llama-3.2-1b-instruct,Explain supervised vs unsupervised learning.,0.7,3.71,2885,"**Supervised Learning vs Unsupervised Learning: Understanding the Difference**

Machine learning is a broad field that encompasses various techniques for training algorithms to make predictions or decisions based on data. Two fundamental types of machine learning are supervised learning and unsupervised learning.

**Supervised Learning**

In supervised learning, the algorithm is trained on a labeled dataset, where each example is accompanied by an output or target variable. The goal is to learn a mapping between input data and output labels, so that the algorithm can make predictions on new, unseen data.

Here's an example of supervised learning:

1. A customer data analysis system uses supervised learning to predict the likelihood of a customer making a purchase based on their browsing history, purchase history, and demographic information.
2. The algorithm is trained on a labeled dataset, where each example is a tuple of (input data, output label).
3. The algorithm learns to map the input data to the output label, so that it can make predictions on new, unseen data.

**Unsupervised Learning**

In unsupervised learning, the algorithm is trained on an unlabeled dataset, and its goal is to discover patterns, relationships, or structure in the data. The algorithm does not have a target variable to predict; instead, it aims to identify meaningful features or groups within the data.

Here's an example of unsupervised learning:

1. A social media company uses unsupervised learning to identify clusters of users who are likely to engage in a particular behavior, such as buying a product.
2. The algorithm is trained on an unlabeled dataset, where each example is a tuple of (input data).
3. The algorithm learns to identify patterns and relationships in the data, such as clusters, centroids, or other meaningful features.

**Key differences**

* **Labeled vs unlabeled data**: Supervised learning requires labeled data, while unsupervised learning can be done on unlabeled data.
* **Target variable**: Supervised learning involves a target variable, while unsupervised learning does not.
* **Goal**: Supervised learning aims to make predictions or decisions, while unsupervised learning aims to discover patterns or relationships in the data.

**When to use each**

* Use supervised learning when:
	+ You have a labeled dataset.
	+ You want to make predictions or decisions.
	+ You need to identify a specific target variable.
* Use unsupervised learning when:
	+ You have an unlabeled dataset.
	+ You want to discover patterns or relationships in the data.
	+ You need to identify meaningful features or groups within the data.

In summary, supervised learning is used when you have labeled data and want to make predictions or decisions, while unsupervised learning is used when you have unlabeled data and want to discover patterns or relationships in the data."
llama-3.2-1b-instruct,Write a Python function to reverse a string.,0.7,2.61,1375,"## Reversing a String in Python

Here's a simple function that takes a string as input and returns the reversed string:

```python
def reverse_string(input_str):
    """"""
    Reverses the input string.

    Args:
        input_str (str): The string to be reversed.

    Returns:
        str: The reversed string.
    """"""
    return input_str[::-1]
```

### Explanation

This function uses Python's slice notation to extract the characters of the input string in reverse order. The `[::-1]` slice means ""start at the end of the string and end at position 0, move with the step -1"".

### Example Use Cases

```python
# Test the function
print(reverse_string(""hello""))  # Output: ""olleh""
print(reverse_string(""Python""))  # Output: ""nohtyP""
```

### Alternative Implementation

If you want to implement the reversal manually without using slice notation, you can use a loop:

```python
def reverse_string_manual(input_str):
    """"""
    Reverses the input string manually.

    Args:
        input_str (str): The string to be reversed.

    Returns:
        str: The reversed string.
    """"""
    reversed_str = """"
    for char in input_str:
        reversed_str = char + reversed_str
    return reversed_str
```

This implementation has a time complexity of O(n), where n is the length of the input string, making it less efficient than the slice notation version for large inputs."
llama-3.2-1b-instruct,Summarize World War 1 in 5 sentences.,0.7,2.36,1136,"Here is a summary of World War I in 5 sentences:

World War I was a global conflict that lasted from 1914 to 1918, pitting the Allied Powers (primarily consisting of France, Britain, and the United States) against the Central Powers (primarily consisting of Germany, Austria-Hungary, and the Ottoman Empire). The war began when Austria-Hungary declared war on Serbia following the assassination of Archduke Franz Ferdinand, and it quickly escalated into a global conflict involving many countries from different parts of the world. The war was marked by trench warfare, massive losses on both sides, and the introduction of new technologies such as tanks, aircraft, and poison gas. The war ended with the signing of the Armistice of Compiègne on November 11, 1918, and the Treaty of Versailles was signed in June 1919, imposing harsh penalties on Germany and contributing to the rise of Nazi Germany and the outbreak of World War II. The war resulted in an estimated 37 million casualties, including 17 million deaths, and had a profound impact on the world, leading to the rise of the United States and the Soviet Union as superpowers."
gpt-oss-120b,Explain supervised vs unsupervised learning.,0.7,3.96,476,"We need to explain supervised vs unsupervised learning. Provide definitions, differences, examples, algorithms, use cases, pros/cons, maybe a table. Should be clear. Provide some details on training data, labels, objectives. Also mention semi-supervised, reinforcement. Provide concise yet thorough. Provide analogies. Provide code snippets? Probably not necessary but could be helpful. Provide diagrams? Can't draw but can describe. Provide bullet points. Let's craft answer."
gpt-oss-120b,Write a Python function to reverse a string.,0.7,0.58,9,Error 500
gpt-oss-120b,Summarize World War 1 in 5 sentences.,0.7,0.84,204,"The user asks: ""Summarize World War 1 in 5 sentences."" So need a concise 5-sentence summary. Provide key points: causes, major events, outcome. Should be clear, historically accurate. Provide 5 sentences."
